"window size: 100","window size: 500","window size: 1000"
"FPR",0,0.000268384326355341,0
"FNR",0,0,0.212765957446809
"accuracy",1,0.999733368884149,0.998571632623911
"recall",1,0.96078431372549,1
"precision",1,1,0.787234042553192
"F1 score",1,0.98,0.880952380952381
