"window size: 100","window size: 500","window size: 1000"
"FPR",0.000127372309259967,0.00013419216317767,0.00258843830888697
"FNR",0.9,0.979591836734694,0.914893617021277
"accuracy",0.994177952157955,0.993467537661645,0.991286959005856
"recall",0.833333333333333,0.5,0.181818181818182
"precision",0.1,0.0204081632653061,0.0851063829787234
"F1 score",0.178571428571429,0.0392156862745098,0.115942028985507
