"window size: 100","window size: 500","window size: 1000"
"FPR",0.00891606164819768,0.0081857219538379,0.0972102387115329
"FNR",0.92,1,0.808510638297872
"accuracy",0.985318314137451,0.985335288628183,0.898014569347236
"recall",0.0540540540540541,0,0.0131386861313869
"precision",0.08,0,0.191489361702128
"F1 score",0.0645161290322581,NA,0.0245901639344262
